<?xml version="1.0" encoding="UTF-8"?>
<project-private xmlns="http://www.netbeans.org/ns/project-private/1">
    <editor-bookmarks xmlns="http://www.netbeans.org/ns/editor-bookmarks/2" lastBookmarkId="0"/>
    <open-files xmlns="http://www.netbeans.org/ns/projectui-open-files/2">
        <group>
            <file>file:/C:/Users/jfsaw/Downloads/Blocky/src/blocky/Block.java</file>
            <file>file:/C:/Users/jfsaw/Downloads/Blocky/src/blocky/GameRenderer.java</file>
            <file>file:/C:/Users/jfsaw/Downloads/Blocky/src/blocky/Game.java</file>
            <file>file:/C:/Users/jfsaw/Downloads/Blocky/src/blocky/Blocky.java</file>
        </group>
    </open-files>
</project-private>
